Job,,,,,
Account Manager,,,,,
"Account, Senior",,,,,
Accounts Payable Lead,,,,,
Accounts Payable Specialist,,,,,
Accounts Receivable Lead,,,,,
Accounts Receivable Specialist,,,,,
Administrative Assistant,,,,,
Ag Sourcing Representative/Manager,,,,,
Agriculture Field Representative,,,,,
Agriculture Supervisor,,,,,
Applications Architect~,,,,,
Apprentice,,,,,
Area Sales Manager,,,,,
Assistant Buyer,,,,,
Assistant Supervisor - Warehouse,,,,,
Assistant Team Lead - Prep,,,,,
Assistant Team Lead - Prod/Pkg,,,,,
Assistant Team Lead - Sanitation,,,,,
Assistant Team Leader,,,,,
Associate Art Director-Graphic Design,,,,,
Associate Art Director-Packaging,,,,,
Associate General Counsel,,,,,
Associate Project Manager,,,,,
AUS-Key Account Manager,,,,,
Business Analyst,,,,,
Business Development Specialist,,,,,
Business Systems Analyst I,,,,,
Business Systems Analyst II,,,,,
Business Systems Architect,,,,,
Buyer,,,,,
Candy Enrobing Operator,,,,,
Canning Food Safety Auditor,,,,,
Certificate of Analysis Technician,,,,,
Chief Information Officer,,,,,
CI Coordinator,,,,,
Compliance Program Specialist,,,,,
Consumer Relations Coord,,,,,
Consumer Relations Coordinator,,,,,
Consumer Relations Systems Administrator,,,,,
Contract Processing Assist Buyer,,,,,
Cook I,,,,,
Cook II,,,,,
Corp Ben & Wellness Spec,,,,,
Corporate Events Coordinator,,,,,
Corporate Events Lead,,,,,
Corporate Events Planner,,,,,
Corporate Project Engineer,,,,,
Corporate Project Manager,,,,,
Cost Accountant,,,,,
Customer Service and Logistics Analyst,,,,,
Customer Service Coordinator I,,,,,
Customer Service Representative I,,,,,
Customer Service Representative II,,,,,
Customer Service Supervisor,,,,,
Customer Srv/Comm Coord,,,,,
Dairy and Contract Processing Manager,,,,,
Dir of Latin American Sourcing,,,,,
"Dir, Int'l & Rest Ops",,,,,
Director Domestic Sales,,,,,
"Director, Agriculture",,,,,
"Director, Aircraft Maintenance",,,,,
"Director, Aviation",,,,,
"Director, Business Process Development",,,,,
"Director, Corporate Controller",,,,,
"Director, Plant HR",,,,,
"Director, Software Application",,,,,
"Director, Supply Chain Cost Analysis",,,,,
"Director, Total Rewards & HR Technology",,,,,
Distribution Planner,,,,,
Division Sales Manager,,,,,
Division Sales Manager and National Sale,,,,,
Drafter and Engineering Assistant,,,,,
Driver,,,,,
DT - Assistant Manager BOH I,,,,,
DT - Assistant Manager FOH I,,,,,
DT - Kitchen IV,,,,,
DT-Cashier I,,,,,
DT-Cashier II,,,,,
DT-Cleaning Associate,,,,,
DT-Dishwasher,,,,,
DT-Driver,,,,,
DT-Expo,,,,,
DT-Food Server,,,,,
DT-General Manager,,,,,
DT-Kitchen I,,,,,
DT-Kitchen II,,,,,
DT-Kitchen III,,,,,
DT-Restaurant Manager,,,,,
DT-Trainer (BOH),,,,,
DT-Trainer (FOH),,,,,
Electrical Instrumentation Technician,,,,,
Employee Relations Manager,,,,,
Engineering Project Management Coor,,,,,
Ent. Supplier Quality - Sr. Proj Leader,,,,,
Enterprise Food Safety Auditor,,,,,
Enterprise Lead Auditor,,,,,
Enterprise Quality Project Leader,,,,,
Enterprise Quality Raw Materials Spvsr,,,,,
EU Head of Sales,,,,,
EU Supply Manager,,,,,
"EVP, Admin & Gen Counsel",,,,,
"Executive Vice President, Manufacturing",,,,,
"Executive Vice President, Sales",,,,,
"Executive Vice President, Supply Chain",,,,,
Facilities Assistant,,,,,
Facilities Mechanic I,,,,,
Facilities Mechanic II,,,,,
Facilities Supervisor,,,,,
Field Sales Administrative Assistant,,,,,
Financial Analyst,,,,,
Food Technologist,,,,,
Food Technologist - Regulatory,,,,,
"Food Technologist, QA - Food Safety",,,,,
Frozen Foods Freezer Coordinator,,,,,
Frozen Foods Schedule Coordinator,,,,,
Frozen Foods Supervisor,,,,,
Frozen Foods Trainer,,,,,
Graphic Production Specialist,,,,,
Grocery Account Controller,,,,,
HR Generalist I,,,,,
HR Generalist II,,,,,
HR-Benefits Coordinator,,,,,
HRMS Administrator,,,,,
Human Resources Coordinator,,,,,
Ingredient Approvals Supervisor,,,,,
Inside Sales Administrator,,,,,
Inspector,,,,,
International Logistics Specialist,,,,,
International Sales Director,,,,,
Int'l Sales Analyst,,,,,
Inventory Administrator,,,,,
Inventory Control Specialist,,,,,
Inventory Coordinator I,,,,,
Inventory Coordinator II,,,,,
Inventory Cycle Counter,,,,,
Inventory Planner - Domestic,,,,,
Inventory Planner - International,,,,,
Janitor-Office,,,,,
Kitchen Planner,,,,,
Kitchen Supervisor,,,,,
Kitchen Trainer,,,,,
Lab Analyst,,,,,
Lead Security Engineer,,,,,
Maintenance Buyer,,,,,
Maintenance Inventory Clerk,,,,,
Maintenance Planner and Scheduler,,,,,
Maintenance Supervisor,,,,,
Management Trainee,,,,,
"Manager, Accounting",,,,,
"Manager, Accounts Payable",,,,,
"Manager, Accounts Receivable",,,,,
"Manager, Agriculture Sourcing",,,,,
"Manager, Business Unit",,,,,
"Manager, Canning",,,,,
"Manager, Category",,,,,
"Manager, Client Services",,,,,
"Manager, Commercialization",,,,,
"Manager, Continuous Improvement",,,,,
"Manager, Corporate Agriculture Planning",,,,,
"Manager, Corporate Planning",,,,,
"Manager, District",,,,,
"Manager, Enterprise Supplier Quality",,,,,
"Manager, Facilities",,,,,
"Manager, Human Resources",,,,,
"Manager, International Trade",,,,,
"Manager, IT Infrastructure",,,,,
"Manager, IT Purchasing",,,,,
"Manager, Kitchen",,,,,
"Manager, Logistics Network",,,,,
"Manager, Logistics Operations",,,,,
"Manager, Maintenance",,,,,
"Manager, Manufacturing Development",,,,,
"Manager, Manufacturing Training",,,,,
"Manager, Media Relations",,,,,
"Manager, National Category",,,,,
"Manager, Office",,,,,
"Manager, Organic Program",,,,,
"Manager, Packaging Design",,,,,
"Manager, Payroll and HRMS",,,,,
"Manager, Plant Engineering",,,,,
"Manager, Plant Planning",,,,,
"Manager, Pricing and Analysis",,,,,
"Manager, Production Process",,,,,
"Manager, Project Management",,,,,
"Manager, QARM",,,,,
"Manager, Quality Assurance",,,,,
"Manager, R & D Information Systems",,,,,
"Manager, Restaurant Operations",,,,,
"Manager, Sales Analytics & Forecasting",,,,,
"Manager, Sales Planning",,,,,
"Manager, Sanitation",,,,,
"Manager, Sourcing",,,,,
"Manager, Special Projects",,,,,
"Manager, Supply Chain Project",,,,,
"Manager, Supply Chain Systems",,,,,
"Manager, Sustainability",,,,,
"Manager, Trade Spending",,,,,
Manufacturing Administrative Assistant,,,,,
Manufacturing Controls Engineer,,,,,
Manufacturing Coordinator,,,,,
Manufacturing Operations Analyst,,,,,
Manufacturing Operator I,,,,,
Manufacturing Operator II,,,,,
Manufacturing Operator III,,,,,
Manufacturing Operator IV,,,,,
Manufacturing Operator V,,,,,
Manufacturing Project Leader,,,,,
Manufacturing Worker,,,,,
Marketing Analyst,,,,,
Marketing Coordinator,,,,,
Master Data Controller,,,,,
Master Planner I,,,,,
Materials Control Coordinator,,,,,
Materials Control Supervisor,,,,,
Materials Handler,,,,,
Materials Planner,,,,,
Materials Transfer Coordinator,,,,,
Mechanic I,,,,,
Mechanic I Lead,,,,,
Mechanic II,,,,,
MFTG OperIII - Commissary,,,,,
MFTG Worker - Commissary,,,,,
"Mgr, Assoc Mkt-Innovation",,,,,
"Mgr, Corporate Raw Materials Planning",,,,,
"Mgr, Cost Acct & Sys Anal",,,,,
"Mgr, Culinary Operations-DT",,,,,
"Mgr, Enterprise Food Safety/Quality Sys",,,,,
"Mgr, Enterprise Reg Comp",,,,,
"Mgr, Financial  Planning & Anlysis",,,,,
"Mgr, QA & Raw Material Coordinator",,,,,
"Mgr, Sourcing Projects",,,,,
National Account Exec,,,,,
Office Administrator,,,,,
Office Administrator and Receptionist,,,,,
Packaging Specialist,,,,,
Pasta Maker,,,,,
Payroll Specialist,,,,,
Payroll Specialist~,,,,,
Payroll Supervisor,,,,,
Personal Assistant,,,,,
Personal Exec Assistant,,,,,
Pipe Fitter/Plumber,,,,,
Planogrammer / Merchandiser,,,,,
Plant Controller,,,,,
Plant Electrician,,,,,
Plant Manager,,,,,
Plumber,,,,,
Policies & Procedures Administrator,,,,,
President & CEO,,,,,
Printed Packaging Planner,,,,,
Process Improvement Coordinator - Frozen,,,,,
Process Improvement Coordinator-Kitchen,,,,,
Production Scheduler,,,,,
Production Supervisor-Canning,,,,,
Project Engineer,,,,,
Project Leader - R&D,,,,,
Project Leader - Sensory,,,,,
Project Manager - Clients & Devices~,,,,,
Proofreader,,,,,
QA Coordinator,,,,,
QA Supervisor,,,,,
QA Technician - Canning,,,,,
QA Technician - Frozen Foods,,,,,
QA Technician - Kitchen,,,,,
QARM Technician,,,,,
R & D Helper,,,,,
R&D Assistant,,,,,
R&D Chef's Assistant,,,,,
R&D Coordinator,,,,,
R&D Food Technologist,,,,,
R&D Project Manager,,,,,
R&D Recipe Administrator,,,,,
Receptionist,,,,,
Refrigeration Mechanic,,,,,
Regional Sales Manager,,,,,
Restaurant Buyer,,,,,
Safety Coordinator,,,,,
Safety Supervisor,,,,,
Sales Analytics Architect,,,,,
Sales Deduction Coordinator,,,,,
Sales Operations Analyst,,,,,
Sales Support Analyst,,,,,
Sanitation Administrator,,,,,
Sanitation Assistant Mgr~,,,,,
Sanitation Supervisor,,,,,
Sanitation Technician,,,,,
Sanitation Trainer,,,,,
Sanitation Worker I,,,,,
Sanitation Worker II,,,,,
Security Guard,,,,,
Senior Accounts Receivable Specialist,,,,,
Senior Buyer,,,,,
Senior Captain,,,,,
Senior Cook,,,,,
Senior Corporate Project Manager,,,,,
"Senior Director, Logistics",,,,,
"Senior Director, Planning",,,,,
"Senior Director, Regulatory Affairs",,,,,
Senior Dough Maker,,,,,
Senior Food Technologist - Microbiology,,,,,
Senior Food Technologist - QARM,,,,,
Senior Human Resources Coordinator,,,,,
Senior IT Support Technician,,,,,
"Senior Manager, Marketing",,,,,
"Senior Manager, Plant Human Resources",,,,,
Senior Manufacturing Training Coordinato,,,,,
Senior Manufacturing Worker,,,,,
Senior Materials Planner,,,,,
Senior Mechanic,,,,,
Senior Mechanic Lead,,,,,
Senior Network Engineer,,,,,
Senior Packaging Engineer,,,,,
Senior Packaging Specialist,,,,,
Senior Plant Engineer,,,,,
Senior POS Coordinator,,,,,
Senior QA Technician - Frozen Foods,,,,,
Senior QA Technician - Kitchen,,,,,
Senior QA Technician - Raw Materials,,,,,
Senior Quality Assurance Manager,,,,,
Senior Recruiter,,,,,
Senior Sanitation Worker,,,,,
Senior Systems Administrator,,,,,
Senior Territory Sales Representative,,,,,
Senior Training Coordinator,,,,,
Sensory Coordinator,,,,,
Sensory Food Technologist,,,,,
Sensory Specialist,,,,,
Sensory Specialist~,,,,,
Sensory Supervisor,,,,,
Shift Leader,,,,,
Shift Leader - Kettle Deck,,,,,
Shift Leader - Prep,,,,,
"Shift Leader, Canning and Operator I",,,,,
Social Media Associate,,,,,
Sourcing Analyst Auditor,,,,,
Spice Room Coordinator,,,,,
Spokesperson,,,,,
Sr CAPA Technologist - Enterprise,,,,,
Sr Customer Service & EDI Representative,,,,,
Sr Food Tech - Certifications,,,,,
Sr Food Tech - Regulatory,,,,,
"Sr. Dir, Sup Qul/Qul Sys",,,,,
Sr. Mgr of Digital & Social Mktg Strat,,,,,
"Sr. Mgr, Comm & Planning",,,,,
"Sr. Mgr, Consumr Relations",,,,,
"Sr. Mgr, Global Cust Svc & Logis",,,,,
"Sr. Mgr, Training and Development",,,,,
Sr. Supply Chain Analyst/Dmnd Plnng&Rep,,,,,
Staff Accountant,,,,,
Supplier Documentation Coordinator,,,,,
Supplier Quality Specialist,,,,,
Sustainability Engagement Specialist,,,,,
Systems Engineer,,,,,
Team Lead - Backup,,,,,
Team Lead - Cook,,,,,
Team Lead - Frozen Foods,,,,,
Team Lead - Prep,,,,,
Team Lead - Production and Packaging,,,,,
Team Lead - Sanitation,,,,,
Team Lead - Tofu,,,,,
Team Lead - Warehouse,,,,,
Team Lead-Dough Room,,,,,
Team Leader BOH,,,,,
Team Leader FOH,,,,,
Temp Agency Employee Coor-Ambassador,,,,,
Territory Sales Representative,,,,,
Thermal Process Development Technician,,,,,
Thermal Processing Program Mgr,,,,,
Tofu I,,,,,
Tofu II,,,,,
Training Coordinator - Frozen Foods,,,,,
Training Coordinator - Kitchen,,,,,
Training Coordinator - Sanitation,,,,,
Training Developer/Instructor,,,,,
Transportation Coordinator,,,,,
Treasurer,,,,,
UK Sales Support Executive,,,,,
Vice President,,,,,
"Vice President, Culinary",,,,,
"Vice President, Engineering",,,,,
"Vice President, Finance",,,,,
"Vice President, Human Resources",,,,,
"Vice President, Sourcing",,,,,
"VP, Creative Dir/Mkt Stg",,,,,
Warehouse Control Board Operator,,,,,
Warehouse Freezer Worker I,,,,,
Warehouse Freezer Worker II,,,,,
Warehouse Operations Coordinator,,,,,
Warehouse Services Coordinator,,,,,
Warehouse Supervisor,,,,,
Warehouse Worker I,,,,,
Warehouse Worker II,,,,,
Waste Treatment Technician,,,,,
Web Developer,,,,,
Welder,,,,,
Welder/Fabricator,,,,,
